"ENTIDAD","MUN","LOC","co_mean","no_mean","no2_mean","nox_mean","o3_mean","pm10_mean","pm25_mean","so2_mean"
09,002,0001,4.1384,14.7886,29.6086,55.5230,33.6003,48.6623,25.9689,6.9187
09,003,0001,0.1054,10.2789,28.0446,46.1454,32.6267,43.8851,22.4923,8.4591
09,004,0001,0.1990,28.0697,24.0281,47.6787,36.5992,36.9912,20.2182,8.4912
09,004,0010,0.1304,34.0935,22.9196,46.7826,36.9091,35.6014,18.9092,8.8559
09,004,0020,0.1481,33.4792,23.1875,49.4673,36.7820,35.7967,19.1848,8.7384
09,004,0050,0.1547,30.8300,23.4073,49.0772,36.7611,36.2661,19.4796,8.7076
09,004,0054,0.1016,39.4073,22.3201,45.3448,36.9510,34.6761,18.1438,9.0379
09,004,0055,0.1944,32.2220,23.5243,48.6696,36.6589,36.1637,19.5965,8.6019
09,004,0056,0.1477,27.9425,23.7043,48.6032,36.5689,36.8393,19.7890,8.6695
09,004,0057,0.2246,32.4515,23.6331,48.3266,36.5751,36.2348,19.7301,8.5384
09,004,0058,0.1944,32.8430,23.5503,48.5487,36.6007,36.1255,19.6222,8.5691
09,004,0059,0.1064,40.6526,22.2601,45.4575,36.9094,34.4851,18.0094,9.0489
09,004,0062,0.1268,38.2826,22.5290,44.8939,36.9001,34.8766,18.3510,8.9593
09,004,0063,0.1285,29.1391,23.3265,46.2933,36.8330,36.5389,19.4305,8.8100
09,004,0066,0.1864,31.8148,23.5052,48.7289,36.6902,36.1937,19.5783,8.6246
09,004,0070,0.2858,27.7363,24.4463,46.6957,36.3403,37.4031,20.6823,8.3096
09,004,0073,0.2858,29.1348,24.2104,47.0989,36.4370,37.0622,20.4401,8.3644
09,004,0074,0.2426,28.4311,24.2260,47.1285,36.4969,37.1288,20.4567,8.3823
09,004,0077,0.1944,32.3666,23.5890,48.4622,36.6107,36.2028,19.6751,8.5638
09,005,0001,5.3870,11.7568,28.0466,53.8563,31.6636,53.2107,24.4841,6.9990
09,006,0001,0.5517,7.6671,29.6034,49.5565,32.3401,50.4744,24.4941,7.9458
09,007,0001,0.1691,8.7551,28.5413,50.7557,32.8350,49.5519,23.8710,8.4204
09,008,0001,0.0635,23.0743,23.5534,45.4982,37.6591,38.3017,19.8190,8.9959
09,008,0071,0.0411,29.4386,21.5905,46.7732,37.9836,37.3832,19.1184,9.4535
09,008,0075,0.0636,29.3870,22.4632,45.8525,37.5733,36.7155,19.0781,9.1636
09,008,0083,0.0598,25.9764,22.7306,45.3798,37.8287,37.6672,19.4394,9.1640
09,008,0085,0.0632,26.9338,22.8587,46.6629,37.5708,37.2540,19.3602,9.0894
09,008,0088,0.0538,26.4090,22.4962,45.6380,37.9242,37.6719,19.3857,9.2276
09,008,0101,0.0632,25.9965,22.9007,46.5404,37.6880,37.5510,19.4529,9.1057
09,008,0104,0.0411,29.4457,21.7178,46.6630,37.9492,37.2531,19.0972,9.4130
09,008,0106,0.0749,26.8491,23.0455,44.9644,37.3921,37.1875,19.4052,9.0220
09,008,0108,0.0598,25.9365,22.8088,45.2759,37.7753,37.6302,19.4493,9.1392
09,008,0111,0.0488,26.8577,22.3433,45.8580,37.9569,37.6222,19.3377,9.2649
09,008,0112,0.0488,27.4133,22.2995,45.9205,37.9158,37.4564,19.2776,9.2662
09,009,0001,0.0374,31.3168,17.3899,45.4463,39.0534,44.5150,21.3263,10.1303
09,009,0011,0.0548,29.6871,17.8825,44.0763,38.0780,46.4523,21.7603,9.9831
09,009,0015,0.0326,27.3713,18.9772,44.6663,37.4508,44.1357,21.1096,9.9824
09,009,0017,0.0445,31.2582,17.2974,44.9550,39.0912,45.2050,21.5033,10.0980
09,009,0024,0.0280,30.0964,18.4076,45.4638,37.6237,43.1928,20.9031,10.1014
09,009,0029,0.0339,28.7128,18.3734,43.8102,38.0554,44.4343,21.2398,10.0363
09,009,0033,0.0270,29.3253,18.8706,43.9212,37.1266,42.8352,20.7703,10.0598
09,009,0036,0.0374,34.6926,16.2880,45.7143,40.2476,44.1752,21.2891,10.2462
09,009,0037,0.0512,29.4512,17.9050,44.3131,38.3345,46.1225,21.6957,9.9961
09,009,0045,0.0337,31.7337,17.4410,44.3166,38.8672,43.9607,21.1756,10.1617
09,009,0046,0.0258,30.4739,18.5751,44.1776,37.2573,42.6571,20.7489,10.1091
09,009,0050,0.0354,32.8703,16.9430,45.7462,39.4789,44.1620,21.2570,10.1939
09,009,0052,0.0306,30.8238,17.8903,44.3376,38.3071,43.7007,21.0767,10.1317
09,009,0054,0.0268,32.0217,17.8834,45.8890,37.9714,42.9233,20.8685,10.1818
09,009,0056,0.0321,30.0185,18.0920,45.2134,38.1792,43.9047,21.1175,10.0971
09,009,0066,0.0377,36.2869,16.0998,45.9963,40.0173,43.9067,21.1960,10.3025
09,009,0067,0.0355,30.9136,17.6281,45.6008,38.7491,44.2420,21.2397,10.1249
09,009,0068,0.0295,27.4176,19.1665,44.8142,37.1757,43.6259,20.9544,9.9828
09,009,0072,0.0337,33.3994,16.9279,46.0532,39.3690,43.7829,21.1550,10.2239
09,009,0074,0.0355,33.8499,16.6116,45.7959,39.8491,44.1123,21.2592,10.2258
09,009,0077,0.0308,33.7848,16.8962,44.6277,39.3185,43.5923,21.1037,10.2421
09,009,0081,0.0292,30.9077,18.0110,45.5434,38.0684,43.3970,20.9867,10.1369
09,009,0082,0.0292,30.6355,18.0555,45.4742,38.0682,43.5013,21.0116,10.1254
09,009,0083,0.0356,29.6389,18.0045,45.3544,38.4284,44.5191,21.2892,10.0705
09,009,0084,0.0281,28.8273,18.7705,45.1772,37.3956,43.3727,20.9213,10.0461
09,009,0088,0.0306,30.7342,17.9013,44.3087,38.3129,43.7466,21.0883,10.1276
09,009,0090,0.0306,32.8122,17.3101,44.6641,38.8034,43.4463,21.0433,10.2110
09,009,0092,0.0294,33.7886,17.1819,44.9020,38.7586,43.0930,20.9525,10.2512
09,009,0095,0.0373,32.8244,16.8627,45.4961,39.6143,44.4437,21.3347,10.1808
09,009,0096,0.0258,32.9326,17.8316,46.2026,37.7989,42.5102,20.7618,10.2149
09,009,0098,0.0356,29.2001,18.0977,45.1492,38.3796,44.7635,21.3482,10.0473
09,009,0099,0.0401,36.3746,16.0824,45.8238,39.9173,44.1049,21.2374,10.2938
09,009,0101,0.0323,28.3756,18.5871,44.8582,37.7971,44.1808,21.1543,10.0261
09,009,0103,0.0321,30.3314,18.0280,45.3159,38.2030,43.7903,21.0913,10.1110
09,009,0104,0.0268,32.2363,17.9387,45.9925,37.8110,42.7114,20.8087,10.1885
09,009,0105,0.0258,32.7753,17.8240,46.1300,37.8581,42.6037,20.7871,10.2098
09,009,0109,0.0356,29.0987,18.1315,45.1114,38.3493,44.7768,21.3495,10.0431
09,009,0112,0.0342,27.9047,18.6532,44.6607,37.8124,44.4963,21.2348,10.0021
09,009,0113,0.0342,26.5373,19.1115,44.3318,37.4498,44.6703,21.2444,9.9407
09,009,0115,0.0342,27.6299,18.8013,44.6392,37.6513,44.3576,21.1850,9.9922
09,009,0116,0.0444,33.4619,16.6272,45.1345,39.6555,44.9382,21.4555,10.1723
09,009,0117,0.0268,31.9688,17.9590,45.9176,37.8526,42.8276,20.8383,10.1786
09,009,0120,0.0258,31.5710,18.1636,45.8789,37.6139,42.7158,20.7951,10.1598
09,009,0126,0.0356,29.8328,17.9237,45.3254,38.5142,44.5505,21.3030,10.0769
09,009,0129,0.0373,33.4698,16.7153,45.7265,39.7476,44.1896,21.2753,10.2112
09,009,0131,0.0337,30.4840,17.7455,45.4956,38.6547,44.3571,21.2630,10.1062
09,009,0134,0.0260,29.6511,19.0016,44.0441,36.8758,42.4000,20.6451,10.0620
09,009,0138,0.0477,30.7639,17.4812,44.5224,38.6813,45.7928,21.6289,10.0520
09,009,0139,0.0444,33.2998,16.6719,45.1137,39.6208,44.9602,21.4603,10.1670
09,009,0140,0.0473,32.9740,16.8916,44.7128,38.9295,45.5299,21.5646,10.1244
09,009,0141,0.0283,27.4169,19.2457,44.8464,37.0738,43.4472,20.8988,9.9805
09,009,0142,0.0342,27.4081,18.7990,44.5136,37.7088,44.6237,21.2578,9.9791
09,009,0147,0.0286,26.4369,19.6089,43.2517,36.8441,43.4328,20.8603,9.9316
09,009,0151,0.0249,30.0556,18.9121,42.4370,36.8910,42.3228,20.6335,10.0788
09,009,0152,0.0321,32.7671,17.1667,44.4988,39.0910,43.7511,21.1343,10.2033
09,009,0154,0.0298,26.7373,19.4718,43.2741,36.9394,43.4963,20.8908,9.9479
09,009,0155,0.0323,28.0362,18.6403,44.7026,37.7997,44.3863,21.2059,10.0092
09,009,0156,0.0281,28.8030,18.8146,45.1905,37.3368,43.3004,20.8983,10.0441
09,009,0158,0.0308,28.7416,18.5885,45.0270,37.6990,43.8391,21.0618,10.0440
09,009,0159,0.0293,29.2020,18.4557,45.1291,37.7902,43.7566,21.0502,10.0642
09,009,0161,0.0307,30.2516,18.1269,45.3389,38.0532,43.6397,21.0437,10.1089
09,009,0163,0.0383,26.7334,18.8872,44.5787,37.7291,45.3009,21.4356,9.9360
09,009,0166,0.0404,27.2765,18.6612,44.5620,37.9356,45.4796,21.5006,9.9518
09,009,0167,0.0356,28.8782,18.1929,45.0734,38.3020,44.8562,21.3665,10.0325
09,009,0168,0.0480,28.6787,18.1584,44.1708,38.1606,46.2812,21.7271,9.9643
09,009,0169,0.0292,30.7736,17.9650,45.4537,38.1882,43.5834,21.0400,10.1307
09,009,0171,0.0509,30.9769,17.4278,44.5213,38.6598,45.8331,21.6365,10.0554
09,009,0172,0.0292,31.0243,17.8921,45.5117,38.2462,43.5480,21.0355,10.1410
09,009,0173,0.0292,31.3055,17.9566,45.6805,38.0496,43.2335,20.9466,10.1534
09,009,0174,0.0354,32.7953,16.9947,45.7980,39.4044,44.1022,21.2384,10.1937
09,009,0176,0.0354,32.9661,16.9064,45.7258,39.5219,44.1669,21.2601,10.1967
09,009,0178,0.0321,33.5003,17.0297,44.6441,39.1416,43.5249,21.0790,10.2341
09,009,0185,0.0251,28.8423,19.2525,43.2893,36.7677,42.4318,20.6288,10.0234
09,009,0187,0.0311,26.5065,19.3653,44.5209,37.1120,43.9648,21.0283,9.9420
09,009,0188,0.0281,28.9903,18.7958,45.2710,37.3168,43.2034,20.8741,10.0514
09,009,0189,0.0281,29.2754,18.7167,45.3436,37.3608,43.1597,20.8692,10.0639
09,009,0191,0.0364,26.0421,19.2332,44.1683,37.3864,44.9056,21.2988,9.9155
09,009,0192,0.0342,27.5608,18.7714,44.5911,37.7140,44.5276,21.2338,9.9871
09,009,0195,0.0337,30.5798,17.7548,44.0837,38.6148,44.2313,21.2287,10.1130
09,009,0198,0.0373,33.1144,16.8174,45.6540,39.6434,44.2587,21.2887,10.1976
09,009,0199,0.0374,34.9253,16.3432,45.9278,40.0728,43.9281,21.2178,10.2649
09,009,0200,0.0323,28.6544,18.5497,44.9380,37.7841,44.0105,21.1112,10.0394
09,009,0202,0.0342,26.4903,19.1425,44.3362,37.4162,44.6258,21.2295,9.9392
09,009,0203,0.0311,26.3891,19.3251,44.4564,37.1882,44.1907,21.0938,9.9370
09,009,0204,0.0298,26.6102,19.4130,44.5900,37.0323,43.7477,20.9646,9.9452
09,009,0205,0.0383,26.3117,19.0644,44.5390,37.5660,45.1928,21.3920,9.9214
09,009,0206,0.0383,26.6085,18.9626,44.6173,37.6483,45.1523,21.3891,9.9348
09,009,0207,0.0404,26.9944,18.7969,44.6131,37.8042,45.2706,21.4343,9.9474
09,009,0208,0.0359,26.9460,18.9149,44.3591,37.6433,44.8248,21.3033,9.9560
09,009,0210,0.0553,28.1183,18.3815,43.8616,37.8212,46.7706,21.8298,9.9196
09,009,0211,0.0553,28.3186,18.3088,43.9356,37.8956,46.6727,21.8095,9.9313
09,009,0213,0.0477,29.7781,17.7853,44.4796,38.5122,45.8829,21.6452,10.0189
09,009,0214,0.0477,30.1731,17.6569,44.5306,38.6160,45.7950,21.6280,10.0352
09,009,0215,0.0448,30.0272,17.6961,44.7113,38.6987,45.5453,21.5702,10.0440
09,009,0216,0.0396,29.7342,17.8325,44.9868,38.6530,45.1147,21.4571,10.0540
09,009,0217,0.0507,32.0983,17.1540,44.5010,38.6391,45.8192,21.6250,10.0847
09,009,0219,0.0249,30.4272,18.7150,44.1898,37.0641,42.4470,20.6829,10.1009
09,009,0222,0.0268,30.3252,18.5188,45.6320,37.3840,42.8438,20.8022,10.1065
09,009,0223,0.0258,31.3338,18.2515,45.8714,37.5342,42.7053,20.7862,10.1492
09,009,0224,0.0268,31.5947,18.0019,45.8121,37.8858,42.9737,20.8743,10.1642
09,009,0226,0.0323,28.8970,18.4644,45.0016,37.8581,44.0003,21.1152,10.0498
09,009,0227,0.0307,29.3677,18.3241,45.1025,37.9630,43.9204,21.1045,10.0703
09,009,0228,0.0307,29.1668,18.3602,45.0290,37.9573,44.0120,21.1265,10.0611
09,009,0229,0.0307,29.6556,18.2251,45.1627,38.0511,43.9045,21.1077,10.0824
09,009,0233,0.0306,32.6564,17.3210,44.6073,38.8286,43.5273,21.0649,10.2040
09,009,0234,0.0321,33.3207,17.1084,44.6643,39.0415,43.4933,21.0665,10.2285
09,009,0235,0.0306,33.2413,17.1840,44.6920,38.9185,43.4059,21.0388,10.2272
09,009,0236,0.0294,33.6003,17.1025,44.7563,38.9695,43.3349,21.0230,10.2413
09,009,0239,0.0474,32.4206,16.9662,44.8575,39.1737,45.3550,21.5394,10.1215
09,009,0241,0.0394,35.3558,16.1037,45.6307,40.3471,44.2672,21.3106,10.2582
09,009,0242,0.0401,35.8755,16.0906,45.7548,40.1593,44.1289,21.2619,10.2796
09,009,0243,0.0377,35.7826,16.1161,45.8775,40.2000,44.0073,21.2355,10.2839
09,009,0244,0.0377,36.0206,16.0975,45.8927,40.1203,44.0072,21.2288,10.2901
09,009,0245,0.0272,28.0736,19.2533,43.6526,36.9264,42.9368,20.7616,10.0019
09,009,0246,0.0283,28.1101,19.0926,45.0503,37.1175,43.2388,20.8571,10.0105
09,009,0248,0.0342,27.1194,18.9390,44.4863,37.5670,44.5190,21.2175,9.9682
09,009,0249,0.0311,27.2764,19.1301,44.7070,37.2564,43.8357,21.0145,9.9778
09,009,0250,0.0307,30.1249,18.2105,45.3590,37.9451,43.5611,21.0164,10.1040
09,009,0251,0.0323,28.4233,18.5709,44.8582,37.8107,44.1768,21.1546,10.0281
09,009,0252,0.0292,31.1478,17.9989,45.6181,38.0204,43.2585,20.9505,10.1469
09,009,0253,0.0249,30.2291,18.8343,44.1828,36.9499,42.3573,20.6494,10.0884
09,009,0254,0.0251,29.0587,19.1643,43.9261,36.8181,42.4618,20.6454,10.0353
09,009,0256,0.0295,28.0956,19.0241,45.0221,37.2126,43.3943,20.9049,10.0123
09,009,0257,0.0326,26.6261,19.1685,44.4301,37.3494,44.3837,21.1607,9.9474
09,009,0264,0.0377,35.7202,16.1609,45.9552,40.1542,43.9106,21.2103,10.2873
09,009,0265,0.0394,33.0321,16.7720,45.4554,39.7144,44.5076,21.3549,10.1839
09,009,0266,0.0480,28.1440,18.3380,44.0876,38.0330,46.4078,21.7523,9.9409
09,009,0268,0.0448,29.7544,17.7892,44.7137,38.6478,45.4866,21.5526,10.0383
09,009,0269,0.0509,30.7536,17.5535,44.2653,38.3083,46.1826,21.7026,10.0279
09,009,0271,0.0357,35.0686,16.3697,46.0640,39.9741,43.8048,21.1814,10.2744
09,009,0274,0.0357,35.6802,16.2068,46.0532,40.0856,43.8276,21.1870,10.2904
09,009,0275,0.0306,32.8116,17.3576,44.6854,38.7128,43.3604,21.0173,10.2121
09,009,0276,0.0293,32.8400,17.3714,44.7175,38.6780,43.3181,21.0050,10.2137
09,009,0277,0.0383,26.7894,18.8956,44.6439,37.7061,45.1520,21.3943,9.9423
09,009,0278,0.0355,30.5657,17.7037,45.4856,38.7053,44.3921,21.2750,10.1082
09,009,0280,0.0342,27.1788,18.8867,44.4796,37.6310,44.6166,21.2486,9.9694
09,009,0281,0.0342,26.6688,19.0298,44.3246,37.5380,44.7839,21.2825,9.9448
09,009,0282,0.0311,26.8393,19.2345,44.5872,37.2122,43.9813,21.0447,9.9579
09,009,0283,0.0342,27.2851,18.8228,44.4739,37.7021,44.6996,21.2766,9.9726
09,009,0284,0.0448,29.9976,17.7092,44.7766,38.7192,45.4337,21.5430,10.0485
09,009,0285,0.0283,27.9414,19.1568,43.5845,37.0724,43.2307,20.8490,10.0022
09,009,0288,0.0293,29.2770,18.5574,45.2423,37.6060,43.4779,20.9672,10.0672
09,009,0289,0.0293,29.3358,18.5628,45.2837,37.5817,43.4230,20.9521,10.0695
09,009,0291,0.0337,33.1628,16.9128,45.8903,39.4626,43.9870,21.2114,10.2096
09,009,0292,0.0509,31.0523,17.4213,44.4475,38.5881,45.9100,21.6509,10.0527
09,009,0297,0.0258,30.4496,18.6633,44.2032,37.1326,42.5214,20.7065,10.1043
09,009,0300,0.0584,32.0751,17.3401,44.1015,37.8600,46.3568,21.7087,10.0474
09,009,0301,0.0543,32.6199,17.1642,44.2721,38.1000,46.1214,21.6626,10.0764
09,009,0303,0.0544,31.4076,17.4149,44.2268,38.1970,46.2172,21.7002,10.0418
09,009,0304,0.0543,32.3335,17.2261,44.2344,38.0990,46.1650,21.6752,10.0669
09,009,0305,0.0396,30.0550,17.7180,44.9866,38.7553,45.1190,21.4643,10.0645
09,009,0306,0.0396,29.9066,17.7543,44.8959,38.7133,45.2508,21.4958,10.0540
09,009,0310,0.0376,29.1449,18.0586,44.9745,38.4444,45.0306,21.4217,10.0366
09,009,0312,0.0356,29.8380,17.9127,45.3254,38.5308,44.5817,21.3121,10.0762
09,009,0313,0.0355,30.6845,17.6528,45.4657,38.7622,44.4139,21.2840,10.1118
09,009,0314,0.0420,30.6347,17.4983,44.8343,38.8901,45.3720,21.5360,10.0711
09,009,0315,0.0378,28.2409,18.4441,45.0282,38.0582,44.7883,21.3302,10.0098
09,009,0316,0.0378,27.5773,18.6219,44.8188,37.9368,45.0718,21.3936,9.9761
09,009,0317,0.0359,27.6203,18.6400,44.8849,37.9007,44.9213,21.3514,9.9818
09,009,0318,0.0378,28.4792,18.3332,44.9841,38.1746,44.8816,21.3635,10.0166
09,009,0319,0.0306,33.1797,17.1527,44.6472,38.9976,43.5012,21.0665,10.2233
09,009,0321,0.0359,27.3185,18.7712,43.4507,37.7721,44.8439,21.3201,9.9712
09,009,0322,0.0359,27.8799,18.6078,43.5859,37.8893,44.6773,21.2876,9.9978
09,009,0323,0.0339,28.1995,18.5526,44.6926,37.8973,44.4683,21.2352,10.0148
09,009,0326,0.0321,29.5488,18.1173,43.9519,38.2634,44.2795,21.2168,10.0726
09,009,0328,0.0354,32.6106,17.0098,45.6831,39.4198,44.2337,21.2727,10.1830
09,009,0332,0.0337,32.4343,17.1542,45.8293,39.2053,44.0347,21.2118,10.1840
09,009,0333,0.0337,32.3880,17.1973,45.8929,39.1383,43.9745,21.1933,10.1843
09,009,0337,0.0321,33.4434,16.9792,44.5706,39.2568,43.6546,21.1172,10.2290
09,009,0338,0.0321,33.3551,17.0045,44.5770,39.2335,43.6646,21.1188,10.2257
09,009,0340,0.0321,33.0600,17.0420,46.0263,39.2458,43.7932,21.1522,10.2123
09,009,0341,0.0260,29.7118,18.9575,44.0640,36.9166,42.4419,20.6600,10.0665
09,009,0342,0.0249,30.2023,18.7926,44.1709,37.0135,42.4433,20.6753,10.0901
09,009,0344,0.0422,29.4153,17.9112,44.7681,38.5666,45.4026,21.5262,10.0311
09,009,0345,0.0512,28.2073,18.3309,44.0135,37.9607,46.5606,21.7862,9.9344
09,009,0347,0.0394,33.3437,16.6576,45.4466,39.8353,44.5315,21.3654,10.1914
09,009,0348,0.0394,33.5388,16.6142,45.5215,39.8910,44.4166,21.3386,10.2026
09,009,0351,0.0374,34.7145,16.4088,45.9336,40.0066,43.9273,21.2159,10.2589
09,009,0352,0.0292,31.0017,17.9531,45.5325,38.1438,43.4439,21.0033,10.1407
09,009,0354,0.0321,31.1694,17.6943,44.3154,38.5621,43.8528,21.1307,10.1430
09,009,0355,0.0420,35.1758,16.1365,45.5333,40.3076,44.3629,21.3337,10.2482
09,009,0356,0.0362,36.4030,16.1267,46.1063,39.9488,43.7648,21.1567,10.3128
09,009,0358,0.0509,30.5376,17.6206,44.2066,38.2525,46.2448,21.7157,10.0185
09,009,0359,0.0342,26.7595,19.0712,44.4156,37.4575,44.5283,21.2089,9.9522
09,009,0360,0.0444,32.3432,16.9690,44.9099,39.2679,45.2478,21.5186,10.1257
09,009,0361,0.0293,29.0138,18.6466,45.1825,37.5358,43.4906,20.9633,10.0555
09,009,0362,0.0293,29.6610,18.4367,45.3356,37.6960,43.4410,20.9670,10.0839
09,009,0363,0.0474,31.8364,17.1396,44.7567,39.0245,45.4776,21.5649,10.0991
09,009,0364,0.0474,31.5230,17.2274,44.7713,38.9916,45.4825,21.5659,10.0904
09,009,0365,0.0268,30.5962,18.4624,45.6996,37.3985,42.7784,20.7895,10.1175
09,009,0366,0.0356,29.3324,18.0643,45.1868,38.4029,44.7048,21.3348,10.0539
09,009,0367,0.0272,27.9421,19.2543,43.6091,36.9527,43.0284,20.7859,9.9978
09,009,0369,0.0448,29.7400,17.7971,44.7686,38.6530,45.4302,21.5384,10.0405
09,009,0370,0.0422,29.0922,18.0273,44.7654,38.4736,45.3713,21.5121,10.0216
09,009,0371,0.0383,26.5875,18.9432,44.5513,37.6798,45.2887,21.4279,9.9304
09,009,0372,0.0281,29.2827,18.6371,45.3091,37.4797,43.3114,20.9162,10.0662
09,009,0373,0.0281,29.1542,18.6809,45.2437,37.4464,43.3161,20.9138,10.0604
09,009,0374,0.0444,33.0539,16.7523,45.0446,39.5012,45.0628,21.4809,10.1548
09,009,0380,0.0306,31.5114,17.7377,44.5061,38.3846,43.5077,21.0348,10.1607
09,009,0384,0.0293,32.3336,17.4868,44.6235,38.6093,43.4295,21.0289,10.1933
09,009,0385,0.0355,34.4924,16.4976,45.9657,39.8965,43.8953,21.2040,10.2539
09,009,0388,0.0321,31.6322,17.5100,44.3342,38.7688,43.8885,21.1519,10.1596
09,009,0389,0.0280,31.2476,18.0173,45.6993,37.9591,43.1605,20.9230,10.1508
09,009,0390,0.0323,28.3190,18.6096,44.8218,37.7759,44.1766,21.1514,10.0237
09,009,0391,0.0323,28.0942,18.6997,44.7954,37.6918,44.1588,21.1392,10.0142
09,009,0392,0.0307,29.8081,18.2688,45.2530,37.9345,43.6808,21.0442,10.0903
09,009,0395,0.0258,32.2531,18.1057,46.1051,37.5173,42.4388,20.7265,10.1841
09,009,0403,0.0249,31.0139,18.5864,44.3319,37.0953,42.3357,20.6650,10.1248
09,009,0407,0.0251,29.8399,19.0408,42.4296,36.7842,42.2231,20.5958,10.0643
09,009,0410,0.0364,26.4481,19.0769,44.2445,37.5192,44.9187,21.3156,9.9330
09,009,0413,0.0342,27.0856,18.9781,44.4941,37.5173,44.4372,21.1919,9.9676
09,009,0414,0.0417,34.0263,16.4447,45.3056,39.9371,44.7065,21.4090,10.1999
09,009,0415,0.0445,30.7432,17.4676,44.6989,38.8215,45.5805,21.5842,10.0633
09,010,0001,0.3254,11.1731,28.6460,52.4658,33.2415,42.8171,22.5776,7.9634
09,010,0213,0.0792,27.7779,22.9945,45.6728,37.3028,36.9304,19.3215,9.0086
09,010,0214,0.0964,25.8960,23.5986,47.0600,36.8055,37.2894,19.6787,8.8279
09,010,0215,0.0893,27.1174,23.2867,47.7891,37.0536,37.0212,19.4724,8.9114
09,010,0216,0.0749,27.2016,23.0157,44.9598,37.3667,37.0920,19.3704,9.0207
09,010,0217,0.1016,26.4063,23.4656,47.4712,36.9200,37.1746,19.5904,8.8637
09,011,0001,0.0911,22.1413,20.4709,43.3658,35.5926,49.2810,22.2764,9.5574
09,011,0011,0.0738,30.5491,17.9583,42.7593,36.7271,47.3273,21.8732,9.9400
09,011,0021,0.0645,26.7072,18.9436,43.1093,36.9731,47.8053,22.0262,9.8122
09,011,0024,0.0631,30.8976,17.7096,43.7797,37.4350,46.8165,21.7991,9.9874
09,011,0026,0.2090,21.4785,21.0490,49.9044,33.1944,51.9834,22.3559,9.2727
09,011,0069,0.0729,31.3416,17.8084,42.8135,36.6144,47.2469,21.8433,9.9627
09,011,0071,0.1201,22.2719,20.5432,49.6570,34.6531,50.2005,22.3419,9.4819
09,011,0072,0.1804,20.3114,21.3209,49.5002,33.5140,51.7181,22.4484,9.2669
09,011,0076,0.0678,31.3757,17.6948,43.0130,37.0390,46.9850,21.8102,9.9847
09,011,0081,0.0678,30.9313,17.7867,43.6027,37.0746,47.0419,21.8284,9.9709
09,011,0086,0.0729,31.6437,17.7565,42.8442,36.5630,47.2197,21.8320,9.9710
09,011,0087,0.0784,32.2444,17.7773,42.6908,36.0155,47.4201,21.8384,9.9649
09,011,0089,0.1536,15.2061,23.3499,48.0128,33.8303,51.4495,22.8259,9.0613
09,011,0094,0.0846,21.5916,20.6481,43.3162,35.6075,49.2355,22.2774,9.5406
09,011,0103,0.0678,31.1207,17.7871,42.9146,36.8953,47.1188,21.8334,9.9687
09,011,0104,0.0729,31.8648,17.6590,42.9313,36.7599,47.0619,21.8071,9.9884
09,011,0108,0.0686,30.2063,17.9995,42.7809,36.8940,47.2847,21.8765,9.9361
09,011,0110,0.1006,18.6435,21.7648,49.8685,34.9574,49.8208,22.4104,9.3740
09,011,0111,0.0678,31.0045,17.7469,43.6384,37.1704,46.9690,21.8172,9.9781
09,011,0113,0.0627,31.7776,17.5128,43.8700,37.4184,46.6818,21.7607,10.0168
09,011,0119,0.0517,26.8735,18.8037,43.6305,37.5888,47.0606,21.8914,9.8646
09,011,0126,0.1063,16.3390,22.8010,48.6198,34.3222,50.6511,22.6316,9.1947
09,011,0128,0.0517,27.8179,18.4676,43.9118,37.8467,46.7075,21.8168,9.9142
09,011,0129,0.1343,18.8928,21.6987,47.8827,34.2989,50.7968,22.5189,9.3055
09,011,0133,0.0708,26.4898,19.0435,42.9021,36.6896,48.0606,22.0629,9.7873
09,011,0134,0.1366,21.4802,20.9003,49.1611,33.9103,51.0720,22.3914,9.3714
09,011,0136,0.0708,25.4000,19.3959,44.6527,36.4988,48.3544,22.1227,9.7347
09,011,0137,0.0875,24.0892,19.8516,43.9165,35.8353,48.9941,22.2121,9.6447
09,011,0140,0.2628,19.4733,21.6954,49.1465,32.9140,52.7590,22.4464,9.1237
09,011,0141,0.2253,20.2475,21.4811,49.4215,32.8501,52.7690,22.3797,9.1469
09,011,0142,0.1474,22.6433,20.6113,49.5498,33.7238,51.0936,22.3294,9.4020
09,011,0145,0.1324,16.5394,22.6991,48.6608,34.2698,50.7614,22.6378,9.1968
09,011,0146,0.1432,17.3126,22.3415,49.0132,34.1683,50.9632,22.6190,9.2195
09,011,0148,0.1243,17.8037,22.1305,49.2266,34.2510,50.8535,22.5802,9.2524
09,011,0149,0.0559,26.5399,18.9257,43.5631,37.4953,47.2006,21.9213,9.8460
09,011,0150,0.0559,26.0098,19.1142,43.4246,37.3790,47.3617,21.9556,9.8195
09,011,0152,0.1565,20.4319,21.2205,48.8126,33.8928,51.2184,22.4495,9.3230
09,011,0153,0.1343,18.5127,21.8586,47.6802,34.0697,51.1094,22.5598,9.2610
09,011,0154,0.1343,18.3848,21.9018,47.6476,34.1537,50.9966,22.5602,9.2659
09,011,0155,0.1798,17.7469,22.1967,48.4622,33.4342,52.0339,22.6402,9.1377
09,011,0156,0.1549,18.4653,21.8850,49.4509,33.9569,51.2640,22.5704,9.2444
09,011,0159,0.1343,18.5183,21.8469,47.7314,34.2075,50.9221,22.5475,9.2784
09,011,0160,0.0627,31.7058,17.5725,43.1224,37.2397,46.8039,21.7786,10.0059
09,011,0161,0.0525,26.1206,19.0381,43.6459,37.5257,46.9822,21.8676,9.8439
09,011,0162,0.1432,17.1041,22.4336,48.9352,34.0588,51.1236,22.6479,9.1951
09,011,0163,0.0631,29.9162,17.9886,43.5948,37.2595,47.0914,21.8580,9.9446
09,012,0001,0.0449,17.2899,23.9118,46.3360,35.7650,42.0850,20.4472,9.2020
09,012,0019,0.0185,39.5956,18.5982,42.9905,35.4090,38.8578,19.7317,10.2643
09,012,0026,0.0264,30.3622,20.5392,44.5229,37.4946,38.6917,19.4154,9.7841
09,012,0027,0.0237,29.1104,19.8315,44.2256,36.4210,41.1473,20.2204,9.9653
09,012,0105,0.0276,33.2597,20.3750,45.0708,37.3396,37.7201,19.1288,9.8001
09,012,0112,0.0247,32.4154,20.2309,43.5881,37.1400,38.3805,19.3469,9.8571
09,012,0114,0.0276,33.5649,20.3997,45.1097,37.3613,37.5555,19.0740,9.7884
09,012,0124,0.0346,29.2729,21.3637,48.1913,38.0322,37.7073,19.1845,9.5280
09,012,0128,0.0199,35.1433,19.0980,43.8625,35.5136,39.8411,20.0051,10.1496
09,012,0130,0.0190,37.8317,18.8180,42.7727,34.9411,39.4617,19.9739,10.2283
09,012,0131,0.0187,38.4113,18.7287,42.8388,35.0905,39.2895,19.9059,10.2433
09,012,0132,0.0213,33.6954,19.3440,43.5845,35.8219,39.9155,19.9724,10.0911
09,012,0135,0.0340,30.8052,21.1355,47.1852,37.8859,37.4404,19.0720,9.5807
09,012,0144,0.0231,30.7061,19.4655,44.6280,36.2668,41.0256,20.2412,10.0382
09,012,0159,0.0232,30.6092,20.0521,44.7826,36.6673,39.7696,19.7930,9.9263
09,012,0161,0.0291,28.2232,21.0121,44.0963,38.0085,38.7706,19.4262,9.6621
09,012,0162,0.0198,36.5100,19.0676,42.5460,35.3359,39.3722,19.8795,10.1662
09,012,0168,0.0217,32.1276,19.3384,44.9293,36.0611,40.5979,20.1512,10.0754
09,012,0175,0.0199,36.2516,18.9321,44.0809,35.2897,39.7576,20.0190,10.1903
09,012,0179,0.0312,29.9592,21.0044,44.3977,37.9197,37.9623,19.2165,9.6353
09,012,0187,0.0205,34.3959,19.2654,43.7108,35.6932,39.7905,19.9550,10.1117
09,012,0198,0.0276,33.1857,20.4486,45.0320,37.4113,37.6159,19.0932,9.7768
09,012,0210,0.0281,26.9732,20.9659,43.7222,37.7964,39.6677,19.6485,9.7059
09,012,0216,0.0222,31.7376,19.8884,43.4882,36.4928,39.5665,19.7610,9.9640
09,012,0217,0.0222,32.6875,19.6579,43.3176,36.1857,39.6544,19.8316,10.0196
09,012,0218,0.0222,31.8357,19.7383,43.1837,36.2808,39.8874,19.8845,10.0000
09,012,0220,0.0390,29.6441,21.5006,46.8434,37.9812,37.4085,19.1120,9.4791
09,012,0221,0.0306,30.8632,20.9622,44.5378,37.8403,37.6665,19.1259,9.6367
09,012,0222,0.0300,29.0285,20.9973,44.2492,37.9730,38.3901,19.3313,9.6523
09,012,0237,0.0290,32.0278,20.6172,44.8353,37.5821,37.7765,19.1441,9.7354
09,012,0254,0.0224,32.9017,19.7858,43.7373,36.4017,39.2235,19.6746,9.9867
09,012,0269,0.0213,32.7049,19.5325,43.3612,36.0440,39.9430,19.9411,10.0472
09,012,0272,0.0256,27.6670,20.4074,42.3181,36.8044,40.7013,20.0107,9.8522
09,012,0275,0.0244,29.0898,20.0825,42.6496,36.5767,40.5879,20.0261,9.9209
09,012,0276,0.0232,29.7157,20.0517,42.7317,36.5870,40.2875,19.9447,9.9282
09,012,0277,0.0232,30.2890,19.9612,42.8611,36.5099,40.1785,19.9284,9.9485
09,012,0280,0.0255,33.0500,20.2920,45.0629,37.2446,37.9673,19.2122,9.8298
09,012,0282,0.0242,29.0881,20.2708,44.4265,36.8412,40.1144,19.8593,9.8785
09,012,0283,0.0276,32.5783,20.4874,44.9564,37.4565,37.7877,19.1480,9.7714
09,012,0290,0.0285,27.5982,20.9795,43.9273,37.9432,39.2120,19.5323,9.6867
09,012,0291,0.0285,26.9352,21.0095,43.7158,37.8833,39.5759,19.6215,9.6921
09,012,0295,0.0213,33.3433,19.4937,43.4728,35.9747,39.7353,19.8896,10.0584
09,012,0296,0.0205,34.8515,19.2328,43.7766,35.6204,39.6744,19.9299,10.1215
09,012,0300,0.0258,32.3081,20.2989,44.9239,37.2342,38.2809,19.3104,9.8365
09,012,0301,0.0266,32.7556,20.2830,45.0231,37.2267,38.1132,19.2591,9.8362
09,012,0302,0.0241,29.2711,19.6131,44.2816,36.4255,41.5012,20.3450,9.9974
09,012,0310,0.0258,29.4037,20.5732,44.3000,37.4698,39.1336,19.5367,9.7876
09,012,0311,0.0285,26.6921,21.0738,43.6850,37.9594,39.5748,19.6175,9.6762
09,012,0317,0.0334,32.9344,20.9051,44.7804,37.6805,37.0095,18.9051,9.6293
09,012,0319,0.0213,32.4291,19.5729,43.3023,36.0944,39.9817,19.9440,10.0375
09,012,0325,0.0285,27.5457,20.9587,43.9100,37.9029,39.2975,19.5541,9.6950
09,012,0326,0.0256,26.7635,20.4774,43.5767,36.7159,41.1726,20.1383,9.8386
09,012,0328,0.0371,28.0153,21.5513,47.8837,38.1315,37.9554,19.2871,9.4869
09,012,0333,0.0241,32.8902,20.0823,43.6884,36.9327,38.4951,19.3985,9.8990
09,012,0339,0.0319,31.7716,20.9474,44.6480,37.7714,37.3513,19.0247,9.6298
09,012,0342,0.0263,34.6029,20.1924,45.3244,37.1517,37.5297,19.0721,9.8444
09,012,0346,0.0258,31.9258,20.3036,43.4854,37.2250,38.4496,19.3618,9.8396
09,012,0350,0.0237,31.3742,20.1646,43.4099,36.9499,39.0598,19.5625,9.8893
09,012,0351,0.0271,27.6251,20.9141,43.9186,37.8356,39.3604,19.5722,9.7085
09,012,0354,0.0247,32.5886,20.1994,43.6347,37.1011,38.3700,19.3466,9.8652
09,012,0355,0.0258,32.4812,20.2757,43.5962,37.2080,38.2518,19.3031,9.8419
09,012,0356,0.0301,26.5535,21.2324,43.6872,38.1918,39.2614,19.5428,9.6241
09,012,0357,0.0291,26.9614,21.1715,43.7844,38.1455,39.1457,19.5164,9.6350
09,012,0358,0.0258,32.2134,20.3345,44.9132,37.2799,38.2479,19.2977,9.8261
09,012,0359,0.0247,32.9895,20.1740,43.6803,37.0829,38.2415,19.3084,9.8687
09,012,0360,0.0247,32.6932,20.2632,45.0238,37.1981,38.1827,19.2824,9.8434
09,012,0361,0.0255,33.5657,20.2190,45.1566,37.1645,37.8957,19.1933,9.8475
09,012,0373,0.0213,33.0968,19.5363,43.4441,36.0303,39.7500,19.8849,10.0482
09,012,0374,0.0222,32.0521,19.7508,43.1990,36.3006,39.7462,19.8406,9.9974
09,012,0376,0.0213,33.3996,19.3935,43.5260,35.8838,39.9367,19.9679,10.0793
09,012,0378,0.0390,28.6804,21.7640,46.5386,38.0124,37.4726,19.1775,9.4106
09,012,0381,0.0254,28.3118,20.4574,44.2482,37.0333,40.1261,19.8355,9.8362
09,012,0383,0.0222,31.2937,19.8231,43.0606,36.3764,39.9647,19.8911,9.9802
09,012,0390,0.0209,34.0764,18.9807,43.6822,35.8121,40.4169,20.1613,10.1530
09,012,0391,0.0215,32.7018,19.4640,43.3960,35.9962,40.0952,19.9971,10.0606
09,012,0392,0.0260,26.7582,20.4385,43.5893,36.6712,41.2759,20.1731,9.8460
09,012,0393,0.0244,27.8422,20.2646,43.8611,36.6501,40.9436,20.1008,9.8818
09,012,0394,0.0248,27.7835,20.1780,43.8431,36.5683,41.1929,20.1839,9.8974
09,012,0396,0.0244,28.2420,20.1440,43.9505,36.5747,40.9725,20.1263,9.9060
09,012,0399,0.0306,31.6378,20.7561,44.7281,37.6950,37.6936,19.1218,9.6945
09,012,0410,0.0255,33.4613,20.2845,45.1205,37.2417,37.8101,19.1617,9.8274
09,012,0416,0.0224,31.4970,19.5607,43.1650,36.1614,40.4539,20.0762,10.0330
09,012,0418,0.0232,30.6677,19.9258,42.9423,36.4841,40.0532,19.8983,9.9566
09,012,0420,0.0209,33.2884,19.1728,43.5281,35.8833,40.4070,20.1304,10.1151
09,012,0422,0.0258,32.0283,20.3332,44.8895,37.2720,38.3360,19.3248,9.8288
09,012,0423,0.0183,39.8487,18.4463,42.9996,35.4715,38.9878,19.7791,10.2921
09,012,0426,0.0312,28.8669,21.1284,44.1911,38.0427,38.2262,19.2994,9.6109
09,012,0427,0.0254,27.8693,20.4664,44.1281,36.9473,40.4044,19.9157,9.8375
09,012,0429,0.0423,27.7227,21.8840,46.3406,38.0689,37.7010,19.2713,9.3891
09,012,0430,0.0290,32.3120,20.5911,44.8742,37.5527,37.7085,19.1226,9.7405
09,012,0436,0.0242,29.8671,20.1282,42.7554,36.7120,40.0057,19.8499,9.9102
09,012,0438,0.0271,28.2962,20.7743,44.0512,37.6845,39.2915,19.5633,9.7413
09,012,0439,0.0231,29.9361,19.5262,44.4484,36.3640,41.3051,20.3051,10.0188
09,012,0440,0.0241,29.4835,19.6452,44.3195,36.3904,41.3192,20.2927,9.9966
09,013,0001,0.0409,18.3463,22.4192,42.7740,35.2118,45.2750,21.1483,9.4892
09,013,0091,0.0288,24.4803,20.6289,42.2728,36.4349,42.6681,20.5474,9.7980
09,013,0096,0.0418,23.2711,20.0822,43.6123,36.8022,45.9768,21.5250,9.7688
09,013,0111,0.0479,18.8229,21.9130,42.7426,35.4880,46.5206,21.5357,9.5253
09,013,0113,0.0493,20.2201,21.1874,42.4187,35.9837,47.1390,21.7692,9.5890
09,013,0118,0.0539,23.4729,19.9271,43.1401,36.8891,47.1572,21.8602,9.7359
09,013,0134,0.0442,24.0626,19.7669,43.7612,37.0514,46.0641,21.5753,9.8019
09,013,0136,0.0281,23.8645,20.9179,42.8190,36.4413,42.4836,20.4681,9.7514
09,013,0137,0.0263,27.4958,19.5026,43.5437,36.7717,42.8382,20.7107,9.9699
09,013,0138,0.0290,23.7356,21.1242,42.7066,36.6001,42.0335,20.3212,9.7162
09,013,0139,0.0406,21.7877,20.7864,44.0032,36.2649,45.4646,21.3190,9.7024
09,013,0140,0.0298,24.5234,20.4786,42.2256,36.4366,43.0155,20.6592,9.8157
09,013,0143,0.0274,25.3655,20.7161,43.1920,36.6629,41.6599,20.2514,9.7917
09,013,0146,0.0377,22.7429,20.4580,43.2777,36.4833,45.1736,21.2651,9.7544
09,013,0151,0.0270,25.3403,20.8502,43.1602,36.8415,41.3160,20.1368,9.7651
09,013,0157,0.0359,22.9386,20.4839,44.4932,36.4471,44.7799,21.1514,9.7649
09,013,0160,0.0263,27.7945,19.4376,43.6196,36.7822,42.7600,20.6965,9.9825
09,013,0162,0.0281,25.5906,20.1476,42.5065,36.5342,42.8852,20.6567,9.8706
09,013,0163,0.0291,25.4187,20.1029,42.4653,36.5648,43.1403,20.7313,9.8703
09,013,0164,0.0254,27.8208,19.6971,43.1043,36.5709,42.2166,20.5243,9.9617
09,013,0165,0.0236,29.5418,19.4568,43.5131,36.4608,41.6480,20.4029,10.0202
09,013,0169,0.0453,18.2865,22.2225,42.6351,35.2740,46.2821,21.4432,9.4937
09,013,0172,0.0581,16.3349,23.0729,41.6460,34.7065,47.3651,21.7197,9.3554
09,013,0178,0.0508,19.0237,21.7810,43.1504,35.5802,46.7347,21.6090,9.5341
09,013,0180,0.0281,24.5348,20.8108,42.9917,36.5350,42.1387,20.3796,9.7725
09,013,0181,0.0274,24.8236,20.8197,43.0482,36.6235,41.8534,20.2966,9.7721
09,013,0184,0.0291,25.3693,20.1582,42.4437,36.5387,43.0498,20.7008,9.8645
09,013,0185,0.0254,28.0589,19.6590,43.1486,36.5625,42.1391,20.5080,9.9704
09,013,0187,0.0263,27.9340,19.5611,43.1084,36.6483,42.4168,20.5925,9.9766
09,013,0190,0.0364,25.5231,19.3377,43.9622,37.3490,45.2998,21.3989,9.8853
09,013,0191,0.0298,26.0161,19.5919,44.4290,36.9336,43.8547,20.9771,9.9171
09,013,0193,0.0298,26.3993,19.5769,43.2051,36.8840,43.5408,20.8928,9.9318
09,013,0195,0.0383,25.6882,19.2612,44.3707,37.4197,45.3739,21.4257,9.8907
09,013,0196,0.0288,24.1953,20.7393,42.1750,36.4229,42.6458,20.5305,9.7799
09,013,0197,0.0479,18.9430,21.8369,43.1612,35.5412,46.6276,21.5731,9.5311
09,013,0198,0.0254,28.4940,19.4414,43.2435,36.6533,42.2910,20.5722,9.9999
09,013,0201,0.0352,24.1805,19.9827,43.7799,36.7918,44.7907,21.2002,9.8291
09,013,0202,0.0316,25.4404,19.8136,42.9428,36.7904,43.8416,20.9524,9.8878
09,013,0203,0.0311,25.9959,19.5195,44.4017,37.0215,44.0649,21.0415,9.9178
09,013,0204,0.0330,25.9696,19.4480,44.3330,37.1146,44.2920,21.1105,9.9171
09,013,0205,0.0291,25.5591,20.0802,42.5027,36.5687,43.0730,20.7151,9.8757
09,013,0206,0.0276,26.4996,19.8364,42.7227,36.6377,42.8657,20.6837,9.9190
09,013,0209,0.0263,27.4997,19.5661,42.9539,36.7129,42.7038,20.6683,9.9655
09,013,0210,0.0236,29.9226,19.3547,43.6009,36.4614,41.6284,20.4102,10.0384
09,013,0213,0.0281,23.9930,20.9811,42.8299,36.5311,42.1840,20.3768,9.7420
09,013,0214,0.0288,23.8311,20.8321,42.0948,36.3901,42.7504,20.5513,9.7631
09,013,0215,0.0288,24.5477,20.7072,43.0164,36.4713,42.4020,20.4647,9.7884
09,013,0218,0.0281,25.0867,20.3594,42.3990,36.4760,42.8048,20.6126,9.8392
09,013,0224,0.0418,23.4292,20.0103,43.6438,36.8602,46.0497,21.5514,9.7742
09,013,0226,0.0383,26.1014,19.0893,44.3791,37.5725,45.4789,21.4684,9.9052
09,013,0231,0.0369,23.5286,20.1441,43.4997,36.7067,45.1560,21.2882,9.7946
09,013,0232,0.0396,23.3947,20.1459,43.4491,36.7211,45.3747,21.3498,9.7857
09,013,0234,0.0508,23.1283,20.0512,43.1477,36.8136,46.9645,21.8004,9.7300
09,013,0236,0.0418,23.8774,19.8651,43.7952,36.9662,45.8577,21.5098,9.7994
09,013,0237,0.0281,25.9238,20.1531,42.6356,36.5219,42.5984,20.5772,9.8772
09,013,0238,0.0541,19.6458,21.4160,42.1468,35.8178,47.3657,21.8193,9.5523
09,013,0239,0.0389,24.2333,19.7421,43.9322,37.0589,45.7716,21.4960,9.8175
09,013,0242,0.0493,20.5901,21.0332,42.5189,36.0922,47.1050,21.7701,9.6087
09,013,0243,0.0493,20.0334,21.2738,42.3726,35.9262,47.0862,21.7482,9.5811
09,013,0244,0.0493,20.4130,21.1122,42.4727,36.0389,47.0637,21.7529,9.6011
09,013,0246,0.0330,24.6382,19.8679,43.9162,36.8502,44.5737,21.1500,9.8523
09,013,0249,0.0453,18.1303,22.3462,42.5890,35.1935,46.0640,21.3717,9.4835
09,013,0251,0.0273,25.2835,20.4718,43.2102,36.4899,42.3571,20.4761,9.8292
09,013,0252,0.0317,22.1357,21.4955,42.2765,36.3198,42.6766,20.4804,9.6513
09,013,0253,0.0251,29.4836,19.1725,43.4444,36.7165,42.1947,20.5754,10.0455
09,013,0257,0.0290,23.6385,21.1207,42.6858,36.5552,42.1411,20.3526,9.7170
09,013,0258,0.0297,23.4040,21.1523,42.6656,36.4979,42.2898,20.3929,9.7113
09,013,0261,0.0442,23.1771,20.0656,43.4233,36.8225,46.4115,21.6479,9.7522
09,013,0262,0.0508,23.6417,19.8683,43.2901,36.9581,46.8753,21.7894,9.7550
09,013,0263,0.0508,23.0608,20.0862,43.2579,36.8006,46.7190,21.7311,9.7366
09,013,0264,0.0236,29.8424,19.3499,43.5905,36.4801,41.6799,20.4239,10.0373
09,013,0265,0.0317,21.1161,21.8296,41.9020,36.1570,42.9080,20.5303,9.5946
09,013,0266,0.0274,24.6223,20.8772,43.0062,36.6254,41.8784,20.2982,9.7614
09,013,0267,0.0359,22.3349,20.6657,44.2296,36.3357,45.0239,21.2041,9.7329
09,013,0269,0.0352,23.4063,20.2199,43.5056,36.6441,45.0507,21.2517,9.7891
09,013,0270,0.0317,21.7834,21.5550,42.1551,36.2136,42.9181,20.5453,9.6411
09,013,0271,0.0614,20.6218,20.9712,42.0594,36.0078,48.0988,22.0425,9.5694
09,013,0273,0.0263,28.7125,19.3219,43.2740,36.7229,42.3821,20.6087,10.0149
09,013,0274,0.0389,24.8653,19.5730,43.7960,37.1643,45.3695,21.3983,9.8548
09,013,0275,0.0263,28.4960,19.4052,43.2256,36.6850,42.3592,20.5940,10.0030
09,013,0276,0.0274,25.2008,20.7041,43.1635,36.6081,41.8323,20.3024,9.7934
09,013,0277,0.0442,23.8944,19.8391,43.7295,36.9922,45.9952,21.5503,9.7965
09,013,0278,0.0274,25.5249,20.6581,43.2644,36.6416,41.6793,20.2633,9.8026
09,013,0281,0.0276,26.8765,19.7344,42.8219,36.6662,42.8016,20.6770,9.9366
09,013,0282,0.0276,26.9795,19.7291,42.8384,36.6568,42.7363,20.6600,9.9397
09,013,0283,0.0346,25.4428,19.4923,44.0581,37.1606,44.7911,21.2445,9.8898
09,013,0284,0.0281,24.8636,20.4142,42.3605,36.4606,42.8667,20.6242,9.8291
09,013,0285,0.0274,25.3249,20.6995,43.2235,36.6345,41.7385,20.2759,9.7947
09,013,0286,0.0404,25.9960,19.1097,44.3222,37.5638,45.5994,21.4997,9.8974
09,013,0287,0.0523,20.7782,20.9476,42.5090,36.1473,47.1901,21.7999,9.6151
09,013,0289,0.0236,29.7157,19.5088,44.3822,36.4046,41.4559,20.3466,10.0173
09,013,0290,0.0297,22.4413,21.3867,42.3581,36.3451,42.6492,20.4791,9.6700
09,013,0291,0.0396,23.2177,20.1718,43.3114,36.7150,45.5859,21.4071,9.7741
09,013,0292,0.0452,22.3378,20.4260,43.3288,36.5459,46.1556,21.5469,9.7204
09,013,0293,0.0346,25.9608,19.3284,44.2218,37.2731,44.6745,21.2268,9.9148
09,013,0294,0.0352,24.4465,19.9749,43.8872,36.7640,44.4714,21.1117,9.8425
09,013,0295,0.0614,20.1325,21.1644,41.8987,35.8771,48.1627,22.0507,9.5437
09,014,0001,0.2042,8.9200,29.3050,51.9211,33.2427,44.3962,22.8510,8.1762
09,015,0001,1.6569,8.9491,30.4164,54.3764,31.8416,48.6944,25.0273,7.3231
09,016,0001,0.5357,10.6503,29.1952,51.6181,32.0522,43.7076,23.1631,7.7534
09,017,0001,0.8488,7.4480,30.3728,53.1417,32.4378,50.5496,25.0596,7.6145
